80df185cea05d99dc98142269d210a824be38ee64e157c58788eab578a91bd3c,bcgame-crash
61deeb5fa46e71e64e8b61329ed9d02ce69557b0daebf7c4f444a3459800de7b,bcgame-double
b8da4ce59c80a88feb8eae9b915f08f778d8b56b5f731141e80a4c1631d5e508,bcgame-kenoMultiplayer
17811f196e35ea0ba1b527b2d1441495f855dbf71738fc0de31cf8b5f880e481,bcgame-rouletteMutiplayer
89e3629ea2905bbdb6138e19d9583e077b62a66f19b9efd008331db24d914be3,roobet-roulette
012f43529217d63dc13f03f989a5419668976a5765e779f5e579accbc50acf70,roobet-hotbox
f90107b18b4507dd30b3f24c3086f166ed399acd20c3643f327c39cb95dfa746,roobet-crash
62df6d0aecbee10a2019c08eeb072cf4852a9806d9d7d84e937c7c11e26e4c4a,nanogames-crash
9d3d354cc0ddeaa7c34ebf0a6d142403a098e2f3e808edcba2339c217165da53,nanogames-roulette
c86d22271296a7fbbcb532d9d7f468d3dd6053c06c77f570fa44b9832494235f,nanogames-keno
d132a29ab8d9a9ac3d1a146224d691a073fa6c1c14eb33b2d6546da406e9248e,trustdice-crash
01392d28b5d0d651b66e80eccd1e434d5ef82e06ffca4570eedf9e6dfc0683d7,tibiapoker-crash
78d1149aaa551a5524289d20e210638bd56fcbc4cb7dabf3b81b8c70651291dc,tibiapoker-roulette
264cb55bcad1d44b450dd576c551b9f6f526f24b9f5d0b8bad71dfa9029fef96,tibiapoker-goalGame
6b63f0ac77f91ea140c96addefcec79dfc1123f8cab86d9824c9e73bac17f4ed,bustabit-crash
0287cab9b1ad043b2cf68bae6c17be9b067e39ed10e6d4038de62b6eba75a5f7,rocket.run-rocketRun
622580cefac16159a5b76b57ca541f66ced7c112059b06608fa311730ccb99b2,rocket.run-boom
8c02a3ad1fa861c5cb0ef72d17fce2a1bf9dd5732ee715a154678080cd0611bd,rocket.run-roulette
65bae42fe9ad13054b0435f875c08a03c294dfff3284f452ccebfa4688349122,duelbit-crash
63a4bbf97f30a39c36d58d6bc2d4562d9c52346c9edc44aeda41689fa4a1b3cd,bch.game-crash
6eb4fc01dae279a2b45aab8732da3833d079ecd6448dc6897d6e9dabba86f22b,bch.game-roulette
e25670aa370859578a07d012a078b65283a5258866f2c9e7d5b17d15a3ad92a1,ethercrash-crash
9d9d2961890ba361b6b3d93fde29551457c5234c96194ae7f954fe7a0a969989,chips.gg-rouletteA
6d7c1a36e5afa36103f7347280b51dba366701ebc567b5baa23f92e852686beb,chips.gg-rouletteS
9627403bbc8182939a58fef02fe016d576794179505cf7486da095236b013edc,faucetpay.io-crash
d8ccc7ad3dafa19a0eec46589611aa466cd8114ccb049856091d5b7a3f133669,test-hash
1e31aa1136de784568a096e46c50e878b42ef9d92943ce5950ffc4f5e3f69371,test-hash2
